Workbook

Sheet Cost Estimate
B2: Rankin Inlet, Arviat & Chesterfield Inlet — NWI Last Mile Wireless System
B3: Mock Cost Estimate by WBS — 3-Community / 50-Subscriber Solution
B4: Prepared by: Northern Wireless Inc. (NWI) | Reference: NWI-EST-RANKIN-2026 Rev 0 | Basis: WBSWithEstimatesV1.xlsx + Scope of Supply Summary
B6: WBS No | C6: Item | D6: Unit | E6: Qty | F6: Unit Price | G6: Our Cost Total | H6: Cust Cost Total | I6: Profit | J6: Std. Delivery (Cal. Days) | K6: Effort (Hrs) | L6: Notes / Source Mapping
C7: Engineering & Admin
B8: E-SVT | C8: Site visit (2 days) | D8: Each | E8: 1 | F8: 1400 | G8: =E8*F8 -> 1400 | H8: =G8*1.3 -> 1820 | I8: =H8-G8 -> 420 | J8: 2 | K8: 16 | L8: Site study & conceptual design — kickoff site visit
B9: E-SST | C9: Site study | D9: Days | E9: 1 | F9: 2000 | G9: =E9*F9 -> 2000 | H9: =G9*1.3 -> 2600 | I9: =H9-G9 -> 600 | J9: 5 | K9: 40 | L9: Site study & conceptual design
B10: E-SLD | C10: Site layout drawing | D10: Days | E10: 1 | F10: 800 | G10: =E10*F10 -> 800 | H10: =G10*1.3 -> 1040 | I10: =H10-G10 -> 240 | J10: 2 | K10: 16 | L10: Layout drawing and BOM
B11: E-NDD | C11: Network design and drawing | D11: Days | E11: 1 | F11: 1200 | G11: =E11*F11 -> 1200 | H11: =G11*1.3 -> 1560 | I11: =H11-G11 -> 360 | J11: 3 | K11: 24 | L11: Network design and configuration drawings
B12: E-TMN | C12: Technical/Training Manual | D12: Days | E12: 1 | F12: 2000 | G12: =E12*F12 -> 2000 | H12: =G12*1.3 -> 2600 | I12: =H12-G12 -> 600 | J12: 5 | K12: 40 | L12: Training manual documentation
B13: E-BDS | C13: Engineering — Base Station subsystem | D13: Days | E13: 1 | F13: 1200 | G13: =E13*F13 -> 1200 | H13: =G13*1.3 -> 1560 | I13: =H13-G13 -> 360 | J13: 3 | K13: 24 | L13: Coordination — base station (Bandwidth Distribution System) engineering
B14: E-BCS | C14: Engineering — Wired Network subsystem | D14: Days | E14: 1 | F14: 1600 | G14: =E14*F14 -> 1600 | H14: =G14*1.3 -> 2080 | I14: =H14-G14 -> 480 | J14: 4 | K14: 32 | L14: Coordination — wired network / bandwidth control gateway engineering
B15: E-CPE | C15: Engineering — Premise Equipment subsystem | D15: Days | E15: 1 | F15: 400 | G15: =E15*F15 -> 400 | H15: =G15*1.3 -> 520 | I15: =H15-G15 -> 120 | J15: 1 | K15: 8 | L15: Coordination — CPE configuration template for 50 units
B16: PM-COORD* | C16: Project Management & Coordination | D16: Days | E16: 1 | F16: 1600 | G16: =E16*F16 -> 1600 | H16: =G16*1.3 -> 2080 | I16: =H16-G16 -> 480 | J16: 4 | K16: 32 | L16: *By analogy at WBS $400/day rate (no dedicated WBS row); oversees engineering-to-startup handoff
B17: PROC* | C17: Procurement / Purchasing Support | D17: Days | E17: 1 | F17: 800 | G17: =E17*F17 -> 800 | H17: =G17*1.3 -> 1040 | I17: =H17-G17 -> 240 | J17: 2 | K17: 16 | L17: *Matches Sample Cost Template 'Procurement time' line (2 days / $800)
C18: Subtotal — Engineering & Admin | G18: =SUM(G8:G17) -> 13000 | H18: =SUM(H8:H17) -> 16900 | I18: =SUM(I8:I17) -> 3900 | J18: =MAX(J8:J17) -> 5 | K18: =SUM(K8:K17) -> 248
C20: Base Station
B21: C-BDS-APC | C21: Access Point Cabinet | D21: Each | E21: 1 | F21: 2200 | G21: =E21*F21 -> 2200 | H21: =G21*1.3 -> 2860 | I21: =H21-G21 -> 660 | J21: 21 | L21: 1 – Access point & cabinet
B22: C-BDS-WAP | C22: Wireless Access Point / Radio Card | D22: Each | E22: 2 | F22: 2200 | G22: =E22*F22 -> 4400 | H22: =G22*1.3 -> 5720 | I22: =H22-G22 -> 1320 | J22: 21 | L22: 2 – Radio Card (AP radio modules)
B23: C-BDS-ANT | C23: Omni Antenna | D23: Each | E23: 2 | F23: 600 | G23: =E23*F23 -> 1200 | H23: =G23*1.3 -> 1560 | I23: =H23-G23 -> 360 | J23: 14 | L23: 2 – Antennas/Amplifier (antenna side)
B24: C-BDS-AMP | C24: Bi-Directional Amplifier | D24: Each | E24: 2 | F24: 800 | G24: =E24*F24 -> 1600 | H24: =G24*1.3 -> 2080 | I24: =H24-G24 -> 480 | J24: 14 | L24: 2 – Antennas/Amplifier (amplifier side)
B25: C-BDS-CBL | C25: Cable Coax | D25: Each | E25: 2 | F25: 150 | G25: =E25*F25 -> 300 | H25: =G25*1.3 -> 390 | I25: =H25-G25 -> 90 | J25: 7 | L25: 2 – Cabling and connectors (cable)
B26: C-BDS-CON | C26: Connectors | D26: Each | E26: 2 | F26: 100 | G26: =E26*F26 -> 200 | H26: =G26*1.3 -> 260 | I26: =H26-G26 -> 60 | J26: 7 | L26: 2 – Cabling and connectors (connectors)
B27: C-BDS-LGP | C27: Lightning Protection | D27: Each | E27: 1 | F27: 150 | G27: =E27*F27 -> 150 | H27: =G27*1.3 -> 195 | I27: =H27-G27 -> 45 | J27: 10 | L27: Power outage protection and power conditioning
B28: C-BDS-POE | C28: Power Over Ethernet / Conditioning | D28: Each | E28: 1 | F28: 200 | G28: =E28*F28 -> 200 | H28: =G28*1.3 -> 260 | I28: =H28-G28 -> 60 | J28: 10 | L28: Power outage protection and power conditioning
B29: C-BRK-ASY | C29: Mast Mounting Bracket Assembly | D29: Each | E29: 1 | F29: 180 | G29: =E29*F29 -> 180 | H29: =G29*1.3 -> 234 | I29: =H29-G29 -> 54 | J29: 3 | K29: 4 | L29: Exclusions: NWI supplies bracket to mount antennas to mast (no full tower in this scope)
B30: I-BDS | C30: Install — Base Station | D30: Each | E30: 1 | F30: 800 | G30: =E30*F30 -> 800 | H30: =G30*1.3 -> 1040 | I30: =H30-G30 -> 240 | J30: 2 | K30: 16 | L30: Installation of equipment (base station)
B31: S-BDS | C31: Startup — Base Station | D31: Each | E31: 1 | F31: 400 | G31: =E31*F31 -> 400 | H31: =G31*1.3 -> 520 | I31: =H31-G31 -> 120 | J31: 1 | K31: 8 | L31: On-the-ground / installed on-site testing (base station)
C32: Subtotal — Base Station | G32: =SUM(G21:G31) -> 11630 | H32: =SUM(H21:H31) -> 15119 | I32: =SUM(I21:I31) -> 3489 | J32: =MAX(J21:J31) -> 21 | K32: =SUM(K21:K31) -> 28
C34: Wired Network
B35: C-BCS-CHW | C35: Bandwidth Control Gateway — Hardware | D35: Each | E35: 1 | F35: 4000 | G35: =E35*F35 -> 4000 | H35: =G35*1.3 -> 5200 | I35: =H35-G35 -> 1200 | J35: 21 | L35: Bandwidth control gateway
B36: C-BCS-CSW | C36: Bandwidth Control Gateway — Software | D36: Each | E36: 1 | F36: 1500 | G36: =E36*F36 -> 1500 | H36: =G36*1.3 -> 1950 | I36: =H36-G36 -> 450 | J36: 14 | L36: Bandwidth control gateway
B37: C-BCS-CBL | C37: Cable — Wired Network | D37: Each | E37: 1 | F37: 300 | G37: =E37*F37 -> 300 | H37: =G37*1.3 -> 390 | I37: =H37-G37 -> 90 | J37: 10 | L37: Wired network cabling
B38: C-BSS-RTR | C38: Router / Main Hub-Switch | D38: Each | E38: 1 | F38: 2500 | G38: =E38*F38 -> 2500 | H38: =G38*1.3 -> 3250 | I38: =H38-G38 -> 750 | J38: 21 | L38: Main Hub/switch
B39: C-BCS-LGP* | C39: Power Outage Protection & Conditioning | D39: Each | E39: 1 | F39: 150 | G39: =E39*F39 -> 150 | H39: =G39*1.3 -> 195 | I39: =H39-G39 -> 45 | J39: 10 | L39: *Wired network side; cost by analogy to C-BDS-LGP (no dedicated WBS row)
B40: I-BCS | C40: Install — Wired Network | D40: Each | E40: 1 | F40: 2000 | G40: =E40*F40 -> 2000 | H40: =G40*1.3 -> 2600 | I40: =H40-G40 -> 600 | J40: 3 | K40: 24 | L40: Installation of equipment / configuration (wired network)
B41: S-BCS | C41: Startup — Wired Network | D41: Each | E41: 1 | F41: 800 | G41: =E41*F41 -> 800 | H41: =G41*1.3 -> 1040 | I41: =H41-G41 -> 240 | J41: 2 | K41: 16 | L41: On-the-ground / installed on-site testing (wired network)
C42: Subtotal — Wired Network | G42: =SUM(G35:G41) -> 11250 | H42: =SUM(H35:H41) -> 14625 | I42: =SUM(I35:I41) -> 3375 | J42: =MAX(J35:J41) -> 21 | K42: =SUM(K35:K41) -> 40
C44: Premise Equipment (Qty 50 Subscribers)
B45: C-CPE-CWD | C45: Modem/Radio (Wireless Device) | D45: Each | E45: 50 | F45: 175 | G45: =E45*F45 -> 8750 | H45: =G45*1.3 -> 11375 | I45: =H45-G45 -> 2625 | J45: 14 | L45: 50 – Modem/Radio
B46: C-CPE-ANT | C46: Patch Antenna | D46: Each | E46: 50 | F46: 25 | G46: =E46*F46 -> 1250 | H46: =G46*1.3 -> 1625 | I46: =H46-G46 -> 375 | J46: 14 | L46: 50 – Patch Antenna
B47: C-CPE-CBL | C47: RF Cable with Connectors | D47: Each | E47: 50 | F47: 8 | G47: =E47*F47 -> 400 | H47: =G47*1.3 -> 520 | I47: =H47-G47 -> 120 | J47: 7 | L47: 50 – RF Cable with Connectors
B48: C-CPE-BRK | C48: Mounting Bracket | D48: Each | E48: 50 | F48: 15 | G48: =E48*F48 -> 750 | H48: =G48*1.3 -> 975 | I48: =H48-G48 -> 225 | J48: 7 | L48: Premise antenna mounting hardware
B49: CPE-ETH* | C49: Ethernet Cable & RJ45 Connectors | D49: Each | E49: 50 | F49: 6 | G49: =E49*F49 -> 300 | H49: =G49*1.3 -> 390 | I49: =H49-G49 -> 90 | J49: 7 | L49: *50 – Ethernet cable and RJ45 connectors; estimated by analogy (no dedicated WBS row)
B50: I-CPE | C50: Install — Premise Equipment | D50: Each | E50: 50 | F50: 300 | G50: =E50*F50 -> 15000 | H50: =G50*1.3 -> 19500 | I50: =H50-G50 -> 4500 | J50: 10 | K50: 300 | L50: Installation of equipment (premise); duration is crew-adjusted (2-person crew, ~5 installs/day) — NOT a simple x50 of the WBS per-unit day figure; effort hours (300 = 6 hrs x 50) do scale linearly
B51: S-CPE | C51: Startup — Premise Equipment (batch commissioning) | D51: Each | E51: 1 | F51: 1200 | G51: =E51*F51 -> 1200 | H51: =G51*1.3 -> 1560 | I51: =H51-G51 -> 360 | J51: 3 | K51: 24 | L51: Installed on-site testing across all 50 premises (single batch commissioning task)
C52: Subtotal — Premise Equipment | G52: =SUM(G45:G51) -> 27650 | H52: =SUM(H45:H51) -> 35945 | I52: =SUM(I45:I51) -> 8295 | J52: =MAX(J45:J51) -> 14 | K52: =SUM(K45:K51) -> 324
C54: Installation & Commissioning — Supporting Items
B55: SFTY-EQP* | C55: Safety Climbing Equipment (rental/consumables) | D55: Each | E55: 1 | F55: 250 | G55: =E55*F55 -> 250 | H55: =G55*1.3 -> 325 | I55: =H55-G55 -> 75 | J55: 2 | L55: *Safety climbing equipment; estimated by analogy (no dedicated WBS row)
B56: TOOLS-INS* | C56: Installation Tools & Consumables | D56: Each | E56: 1 | F56: 150 | G56: =E56*F56 -> 150 | H56: =G56*1.3 -> 195 | I56: =H56-G56 -> 45 | J56: 2 | L56: *Tools for installation; estimated by analogy (no dedicated WBS row)
C57: Subtotal — Installation & Commissioning (Supporting Items) | G57: =SUM(G55:G56) -> 400 | H57: =SUM(H55:H56) -> 520 | I57: =SUM(I55:I56) -> 120 | J57: =MAX(J55:J56) -> 2 | K57: =SUM(K55:K56) -> 0
C59: Note: per-subsystem install/startup ('installation of equipment', 'on-the-ground / installed on-site testing') costs are itemized within Base Station, Wired Network and Premise Equipment above.
C60: Training
B61: TRN-OJT | C61: On-Site Training (customer personnel, 4-hr course) | D61: Each | E61: 1 | F61: 200 | G61: =E61*F61 -> 200 | H61: =G61*1.3 -> 260 | I61: =H61-G61 -> 60 | J61: 1 | K61: 4 | L61: One-time local training course, 4 hours (Scope of Supply — Support Details). Training manual costed under Engineering (E-TMN)
C62: Subtotal — Training | G62: =SUM(G61) -> 200 | H62: =SUM(H61) -> 260 | I62: =SUM(I61) -> 60 | J62: =MAX(J61) -> 1 | K62: =SUM(K61) -> 4
C64: Support (2-Month Included Period)
B65: T-WAP | C65: Support — Wireless Access Point | D65: Each | E65: 1 | F65: 200 | G65: =E65*F65 -> 200 | H65: =G65*1.3 -> 260 | I65: =H65-G65 -> 60 | J65: 1 | K65: 4 | L65: 24/7 technical support
B66: T-BCU | C66: Support — Bandwidth Control Unit | D66: Each | E66: 1 | F66: 200 | G66: =E66*F66 -> 200 | H66: =G66*1.3 -> 260 | I66: =H66-G66 -> 60 | J66: 1 | K66: 4 | L66: 24/7 technical support
B67: T-CSW | C67: Support — Computer Software | D67: Each | E67: 1 | F67: 200 | G67: =E67*F67 -> 200 | H67: =G67*1.3 -> 260 | I67: =H67-G67 -> 60 | J67: 1 | K67: 4 | L67: 24/7 technical support
B68: T-RTR | C68: Support — Router | D68: Each | E68: 1 | F68: 200 | G68: =E68*F68 -> 200 | H68: =G68*1.3 -> 260 | I68: =H68-G68 -> 60 | J68: 1 | K68: 4 | L68: 24/7 technical support
B69: T-CWD | C69: Support — Customer Wireless Device (fleet) | D69: Each | E69: 1 | F69: 100 | G69: =E69*F69 -> 100 | H69: =G69*1.3 -> 130 | I69: =H69-G69 -> 30 | J69: 1 | K69: 2 | L69: 24/7 technical support
B70: T-SPT | C70: Support — General (24/7 coordination + telephone support) | D70: Each | E70: 1 | F70: 400 | G70: =E70*F70 -> 400 | H70: =G70*1.3 -> 520 | I70: =H70-G70 -> 120 | J70: 1 | K70: 8 | L70: Two months telephone support and remote administration included
C71: Subtotal — Support (2-Month Included Period) | G71: =SUM(G65:G70) -> 1300 | H71: =SUM(H65:H70) -> 1690 | I71: =SUM(I65:I70) -> 390 | J71: =MAX(J65:J70) -> 1 | K71: =SUM(K65:K70) -> 26
C73: TOTAL — SUPPLY, INSTALL & COMMISSION | G73: =G18+G32+G42+G52+G57+G62+G71 -> 65430 | H73: =H18+H32+H42+H52+H57+H62+H71 -> 85059 | I73: =I18+I32+I42+I52+I57+I62+I71 -> 19629 | K73: =K18+K32+K42+K52+K57+K62+K71 -> 670
C75: Assumptions & Methodology
C76: • Source data: costs, unit prices and standard delivery spans are drawn from WBSWithEstimatesV1.xlsx (internal $400/day = $50/hr labor rate); quantities are drawn from ScopeOfSupplySummary-nwi-last-mile-system.md.
C77: • Lines marked with * have no directly corresponding WBS row and are estimated by analogy to the nearest comparable WBS item, consistent with the source workbook's own Assumptions tab methodology.
C78: • Component (hardware/software) 'Std. Delivery' is vendor lead time for the order as a whole and is NOT multiplied by quantity (bulk ordering 2 or 50 units does not take proportionally longer).
C79: • Installation labor (I-CPE) hours DO scale with quantity (6 hrs/unit x 50 = 300 hrs total labor), but the calendar-day duration is crew-adjusted (assumes a 2-person install crew averaging ~5 premises/day) rather than a literal x50 of the single-unit WBS day figure.
C80: • Startup/commissioning (S-*) rows represent a single batch verification task per subsystem, not a per-unit cost, and are held at Qty 1.
C81: • Cust Cost Total = Our Cost Total x 1.30 (30% standard NWI markup); Profit = Cust Cost Total - Our Cost Total. Adjust the markup assumption in column H formulas as needed for a firm quote.
C82: • Excludes: emergency backup power, firewalls, ISP services, spares, full tower/mast structure (bracket-mount only), NIC, and client VPN/encryption configuration — per Scope of Supply Summary Exclusions.
C83: • Figures are mock/ballpark planning estimates only and should be validated against current vendor quotes and labor rates before use in a firm customer quote.

Sheet Raw Data
A1: TBID | B1: tbMDWBS | C1: tbMDPhase | D1: Sub-Project or WorkPackage | E1: tbName | F1: tbBudget | G1: tbDuration | H1: tbWork | I1: tbMDNotes
A2: 100 | B2: C-BCS-CBL | C2: Equipment Procurement | D2: =_xlfn.XLOOKUP(LEFT(B2,5),WBSNew!$D:$D,WBSNew!$E:$E,"Not found") -> Bandwidth Control System | E2: Cable — Wired Network | F2: 300 | G2: 10 | H2: 0 | I2: Wired network cabling
A3: 101 | B3: C-BCS-CHW | C3: Equipment Procurement | D3: =_xlfn.XLOOKUP(LEFT(B3,5),WBSNew!$D:$D,WBSNew!$E:$E,"Not found") -> Bandwidth Control System | E3: Bandwidth Control Gateway — Hardware | F3: 4000 | G3: 21 | H3: 0 | I3: Bandwidth control gateway
A4: 102 | B4: C-BCS-CSW | C4: Equipment Procurement | D4: =_xlfn.XLOOKUP(LEFT(B4,5),WBSNew!$D:$D,WBSNew!$E:$E,"Not found") -> Bandwidth Control System | E4: Bandwidth Control Gateway — Software | F4: 1500 | G4: 14 | H4: 0 | I4: Bandwidth control gateway
A5: 103 | B5: C-BCS-LGP* | C5: Equipment Procurement | D5: =_xlfn.XLOOKUP(LEFT(B5,5),WBSNew!$D:$D,WBSNew!$E:$E,"Not found") -> Bandwidth Control System | E5: Power Outage Protection & Conditioning | F5: 150 | G5: 10 | H5: 0 | I5: *Wired network side; cost by analogy to C-BDS-LGP (no dedicated WBS row)
A6: 104 | B6: C-BDS-AMP | C6: Equipment Procurement | D6: =_xlfn.XLOOKUP(LEFT(B6,5),WBSNew!$D:$D,WBSNew!$E:$E,"Not found") -> Bandwidth Distrubution System | E6: Bi-Directional Amplifier | F6: 1600 | G6: 14 | H6: 0 | I6: 2 – Antennas/Amplifier (amplifier side)
A7: 105 | B7: C-BDS-ANT | C7: Equipment Procurement | D7: =_xlfn.XLOOKUP(LEFT(B7,5),WBSNew!$D:$D,WBSNew!$E:$E,"Not found") -> Bandwidth Distrubution System | E7: Omni Antenna | F7: 1200 | G7: 14 | H7: 0 | I7: 2 – Antennas/Amplifier (antenna side)
A8: 106 | B8: C-BDS-APC | C8: Equipment Procurement | D8: =_xlfn.XLOOKUP(LEFT(B8,5),WBSNew!$D:$D,WBSNew!$E:$E,"Not found") -> Bandwidth Distrubution System | E8: Access Point Cabinet | F8: 2200 | G8: 21 | H8: 0 | I8: 1 – Access point & cabinet
A9: 107 | B9: C-BDS-CBL | C9: Equipment Procurement | D9: =_xlfn.XLOOKUP(LEFT(B9,5),WBSNew!$D:$D,WBSNew!$E:$E,"Not found") -> Bandwidth Distrubution System | E9: Cable Coax | F9: 300 | G9: 7 | H9: 0 | I9: 2 – Cabling and connectors (cable)
A10: 108 | B10: C-BDS-CON | C10: Equipment Procurement | D10: =_xlfn.XLOOKUP(LEFT(B10,5),WBSNew!$D:$D,WBSNew!$E:$E,"Not found") -> Bandwidth Distrubution System | E10: Connectors | F10: 200 | G10: 7 | H10: 0 | I10: 2 – Cabling and connectors (connectors)
A11: 109 | B11: C-BDS-LGP | C11: Equipment Procurement | D11: =_xlfn.XLOOKUP(LEFT(B11,5),WBSNew!$D:$D,WBSNew!$E:$E,"Not found") -> Bandwidth Distrubution System | E11: Lightning Protection | F11: 150 | G11: 10 | H11: 0 | I11: Power outage protection and power conditioning
A12: 110 | B12: C-BDS-POE | C12: Equipment Procurement | D12: =_xlfn.XLOOKUP(LEFT(B12,5),WBSNew!$D:$D,WBSNew!$E:$E,"Not found") -> Bandwidth Distrubution System | E12: Power Over Ethernet / Conditioning | F12: 200 | G12: 10 | H12: 0 | I12: Power outage protection and power conditioning
A13: 111 | B13: C-BDS-WAP | C13: Equipment Procurement | D13: =_xlfn.XLOOKUP(LEFT(B13,5),WBSNew!$D:$D,WBSNew!$E:$E,"Not found") -> Bandwidth Distrubution System | E13: Wireless Access Point / Radio Card | F13: 4400 | G13: 21 | H13: 0 | I13: 2 – Radio Card (AP radio modules)
... A38: 137 | B38: E-TMN | C38: Engineerring | D38: =_xlfn.XLOOKUP(LEFT(B38,5),WBSNew!$D:$D,WBSNew!$E:$E,"Not found") -> Technical Manual | E38: Technical/Training Manual | F38: 2000 | G38: 5 | H38: 40 | I38: Training manual documentation
G39: 20

Sheet WBSNew
A1: L1 | B1: L2 | C1: L3 | D1: WBS No | E1: WBSTitle | F1: Standard Cost | G1: Standard Delivery in Calendar Days | H1: Effort/Hours
A2: C | E2: Components
A3: C | B3: BBS | D3: C-BBS | E3: Bandwidth Backhaul System | F3: =SUM(F4,F5,F6) -> 4300 | G3: =MAX(G4,G5,G6) -> 21
A4: C | B4: BBS | C4: ANT | D4: C-BBS-ANT | E4: Antenna - Bandwidth Backhaul System | F4: 4000 | G4: 21
A5: C | B5: BBS | C5: CBL | D5: C-BBS-CBL | E5: Cable Coax - Bandwidth Backhaul System | F5: 200 | G5: 10
A6: C | B6: BBS | C6: CON | D6: C-BBS-CON | E6: Connectors - Bandwidth Backhaul System | F6: 100 | G6: 7
A7: C | B7: BCS | D7: C-BCS | E7: Bandwidth Control System | F7: =SUM(F8,F9,F10) -> 5800 | G7: =MAX(G8,G9,G10) -> 21
A8: C | B8: BCS | C8: CBL | D8: C-BCS-CBL | E8: Cables - Bandwidth Control System | F8: 300 | G8: 10
A9: C | B9: BCS | C9: CHW | D9: C-BCS-CHW | E9: Computer Hardware - Bandwidth Control System | F9: 4000 | G9: 21
A10: C | B10: BCS | C10: CSW | D10: C-BCS-CSW | E10: Computer SW - Bandwidth Control System | F10: 1500 | G10: 14
A11: C | B11: BDS | D11: C-BDS | E11: Bandwidth Distrubution System | F11: =SUM(F12,F13,F14,F15,F16,F17,F18,F19) -> 6400 | G11: =MAX(G12,G13,G14,G15,G16,G17,G18,G19) -> 21
A12: C | B12: BDS | C12: AMP | D12: C-BDS-AMP | E12: Amplifier - Bandwidth Distrubution System | F12: 800 | G12: 14
A13: C | B13: BDS | C13: ANT | D13: C-BDS-ANT | E13: Antenna - Bandwidth Distrubution System | F13: 600 | G13: 14
A14: C | B14: BDS | C14: APC | D14: C-BDS-APC | E14: Access Point Cabinet - Bandwidth Distrubution System | F14: 2200 | G14: 21
A15: C | B15: BDS | C15: CBL | D15: C-BDS-CBL | E15: Cable - Bandwidth Distrubution System | F15: 150 | G15: 7
A16: C | B16: BDS | C16: CON | D16: C-BDS-CON | E16: Connectors - Bandwidth Distrubution System | F16: 100 | G16: 7
A17: C | B17: BDS | C17: LGP | D17: C-BDS-LGP | E17: Lightning Protectors - Bandwidth Distrubution System | F17: 150 | G17: 10
A18: C | B18: BDS | C18: POE | D18: C-BDS-POE | E18: Power Over Ethernet - Bandwidth Distrubution System | F18: 200 | G18: 10
A19: C | B19: BDS | C19: WAP | D19: C-BDS-WAP | E19: Wireless Access Point - Bandwidth Distrubution System | F19: 2200 | G19: 21
A20: C | B20: BSS | D20: C-BSS | E20: Bandwidth Supply system | F20: =SUM(F21,F22,F23) -> 10800 | G20: =MAX(G21,G22,G23) -> 30
A21: C | B21: BSS | C21: CBL | D21: C-BSS-CBL | E21: Cable - Bandwidth Supply system | F21: 300 | G21: 10
A22: C | B22: BSS | C22: EQB | D22: C-BSS-EQB | E22: Equipment Building - Bandwidth Supply System | F22: 8000 | G22: 30
A23: C | B23: BSS | C23: RTR | D23: C-BSS-RTR | E23: Router - Bandwidth Supply system | F23: 2500 | G23: 21
A24: C | B24: CPE | D24: C-CPE | E24: Customer Premise Equipment | F24: =SUM(F25,F26,F27,F28) -> 223 | G24: =MAX(G25,G26,G27,G28) -> 14
A25: C | B25: CPE | C25: ANT | D25: C-CPE-ANT | E25: Antenna - Customer Premise Equipment | F25: 25 | G25: 14
A26: C | B26: CPE | C26: BRK | D26: C-CPE-BRK | E26: Brackets - Customer Premise Equipment | F26: 15 | G26: 7
A27: C | B27: CPE | C27: CBL | D27: C-CPE-CBL | E27: Cable - Customer Premise Equipment | F27: 8 | G27: 7
A28: C | B28: CPE | C28: CWD | D28: C-CPE-CWD | E28: Wireless Device - Customer Premise Equipment | F28: 175 | G28: 14
A29: C | B29: NSS | D29: C-NSS | E29: Network Server System | F29: =SUM(F30,F31) -> 5500 | G29: =MAX(G30,G31) -> 21
A30: C | B30: NSS | C30: CHW | D30: C-NSS-CHW | E30: Computer Hardware - Network Server System | F30: 4000 | G30: 21
A31: C | B31: NSS | C31: CSW | D31: C-NSS-CSW | E31: Computer Software - Network Server System | F31: 1500 | G31: 14
A32: C | B32: TWR | D32: C-TWR | E32: Tower System | F32: =SUM(F33,F34,F35,F36,F37) -> 14700 | G32: =MAX(G33,G34,G35,G36,G37) -> 30
A33: C | B33: TWR | C33: FRM | D33: C-TWR-FRM | E33: Tower Frame - Tower System | F33: 6000 | G33: 30
A34: C | B34: TWR | C34: BLD | D34: C-TWR-BLD | E34: Building - Tower System | F34: 4000 | G34: 30
A35: C | B35: TWR | C35: BRK | D35: C-TWR-BRK | E35: Brackets - Tower System | F35: 200 | G35: 10
A36: C | B36: TWR | C36: FDN | D36: C-TWR-FDN | E36: Foundaton - Tower System | F36: 3000 | G36: 21
A37: C | B37: TWR | C37: FEN | D37: C-TWR-FEN | E37: Fence - Tower System | F37: 1500 | G37: 14
A38: C | B38: UCS | D38: C-UCS | E38: Unified Communication System | F38: =SUM(F39,F40,F41,F42,F43,F44,F45) -> 12850 | G38: =MAX(G39,G40,G41,G42,G43,G44,G45) -> 21
A39: C | B39: UCS | C39: CBL | D39: C-UCS-CBL | E39: Cable - Unified Communication System | F39: 200 | G39: 10
A40: C | B40: UCS | C40: CHW | D40: C-UCS-CHW | E40: Computer Hardware - Unified Communication System | F40: 2500 | G40: 21
A41: C | B41: UCS | C41: CSW | D41: C-UCS-CSW | E41: Computer SW - Unified Communication System | F41: 3000 | G41: 14
A42: C | B42: UCS | C42: PBX | D42: C-UCS-PBX | E42: Private Branch Exchange - Unified Communication System | F42: 5000 | G42: 21
A43: C | B43: UCS | C43: RTR | D43: C-UCS-RTR | E43: Router - Unified Communication System | F43: 1200 | G43: 14
A44: C | B44: UCS | C44: SIP | D44: C-UCS-SIP | E44: SIP Trunk - Unified Communication System | F44: 800 | G44: 7
A45: C | B45: UCS | C45: SPH | D45: C-UCS-SPH | E45: Smart Phone - Unified Communication System | F45: 150 | G45: 7
A46: C | B46: BRK | C46: ASY | D46: C-BRK-ASY | E46: Assembly - Brackets | F46: 180 | G46: 3 | H46: 4
A47: C | B47: CAB | C47: ASY | D47: C-CAB-ASY | E47: Assembly - Cabinet | F47: 420 | G47: 3 | H47: 8
A48: C | B48: CBL | C48: ASY | D48: C-CBL-ASY | E48: Assembly - Coax Cable | F48: 240 | G48: 2 | H48: 5
A49: E | D49: E | E49: Engineering
A50: E | B50: ENG | D50: E-BBS | E50: Engineering Bandwidth Backhaul System | F50: 1200 | G50: 3 | H50: 24
A51: E | B51: ENG | D51: E-BCS | E51: Engineering - Bandwidth Control System | F51: 1600 | G51: 4 | H51: 32
A52: E | B52: ENG | D52: E-BDS | E52: Engineering - Bandwidth Distrubution System | F52: 1200 | G52: 3 | H52: 24
A53: E | B53: ENG | D53: E-BSS | E53: Engineering - Bandwidth Supply system | F53: 800 | G53: 2 | H53: 16
A54: E | B54: ENG | D54: E-CPE | E54: Engineering - Customer Premise Equipment | F54: 400 | G54: 1 | H54: 8
A55: E | B55: ENG | D55: E-NSS | E55: Engineering - Network Server System | F55: 1200 | G55: 3 | H55: 24
A56: E | B56: ENG | D56: E-TWR | E56: Engineering - Tower System | F56: 800 | G56: 2 | H56: 16
A57: E | B57: ENG | D57: E-UCS | E57: Engineering - Unified Communication System | F57: 1200 | G57: 3 | H57: 24
A58: E | B58: ENG | D58: E-SVT | E58: Site visit 2 days | F58: 1400 | G58: 2 | H58: 16
A59: E | B59: ENG | D59: E-SST | E59: Site study | F59: 2000 | G59: 5 | H59: 40
A60: E | B60: ENG | D60: E-SLD | E60: Site layout drawing | F60: 800 | G60: 2 | H60: 16
A61: E | B61: ENG | D61: E-NDD | E61: Network design and drawing | F61: 1200 | G61: 3 | H61: 24
A62: E | B62: ENG | D62: E-TMN | E62: Technical Manual | F62: 2000 | G62: 5 | H62: 40
A63: I | E63: Installation
A64: I | B64: INS | D64: I-BBS | E64: Install - Bandwidth Backhaul System | F64: 400 | G64: 1 | H64: 8
A65: I | B65: INS | D65: I-BCS | E65: Install - Bandwidth Control System | F65: 2000 | G65: 3 | H65: 24
A66: I | B66: INS | D66: I-BDS | E66: Install - Bandwidth Distrubution System | F66: 800 | G66: 2 | H66: 16
A67: I | B67: INS | D67: I-BSS | E67: Install - Bandwidth Supply System | F67: 2000 | G67: 3 | H67: 24
A68: I | B68: INS | D68: I-CPE | E68: Install - Customer Premise Equipment | F68: 300 | G68: 1 | H68: 6
A69: I | B69: INS | D69: I-NSS | E69: Install - Network Server System | F69: 2000 | G69: 2 | H69: 16
A70: I | B70: INS | D70: I-TWR | E70: Install - Tower System | F70: 2000 | G70: 1 | H70: 8
A71: I | B71: INS | D71: I-UCS | E71: Install - Unified Communication System | F71: 1000 | G71: 2 | H71: 16
A72: S | E72: Start-up
A73: S | B73: STP | D73: S-BBS | E73: Startup - Bandwidth Backhaul System | F73: 400 | G73: 1 | H73: 8
A74: S | B74: STP | D74: S-BCS | E74: Startup - Bandwidth Control System | F74: 800 | G74: 2 | H74: 16
A75: S | B75: STP | D75: S-BDS | E75: Startup - Bandwidth Distrubution System | F75: 400 | G75: 1 | H75: 8
A76: S | B76: STP | D76: S-BSS | E76: Startup - Bandwidth Supply system | F76: 400 | G76: 1 | H76: 8
A77: S | B77: STP | D77: S-CPE | E77: Startup - Customer Premise Equipment | F77: 1200 | G77: 3 | H77: 24
A78: S | B78: STP | D78: S-NSS | E78: Startup - Network Server System | F78: 800 | G78: 2 | H78: 16
A79: S | B79: STP | D79: S-TWR | E79: Startup - Tower System | F79: 400 | G79: 1 | H79: 8
A80: S | B80: STP | D80: S-UCS | E80: Startup - Unified Communication System | F80: 800 | G80: 2 | H80: 16
A81: T | E81: Toubleshooting
A82: T | B82: BCU | E82: Bandwidth Control Unit
A83: T | B83: SPT | D83: T-BCU | E83: Support - Bandwidth Control Unit | F83: 200 | G83: 1 | H83: 4
A84: T | B84: CSW | E84: Computer Software
A85: T | B85: SPT | D85: T-CSW | E85: Support - Computer Software | F85: 200 | G85: 1 | H85: 4
A86: T | B86: CWD | E86: Customer Wireless Device
A87: T | B87: SPT | D87: T-CWD | E87: Support - Customer Wireless Device | F87: 100 | G87: 1 | H87: 2
A88: T | B88: RTR | E88: Router
A89: T | B89: SPT | D89: T-RTR | E89: Support - Router | F89: 200 | G89: 1 | H89: 4
A90: T | B90: SPT | E90: General Support
A91: T | B91: SPT | D91: T-SPT | E91: Support - General Support | F91: 400 | G91: 1 | H91: 8
A92: T | B92: WAP | E92: Wireless Access Point
A93: T | B93: SPT | D93: T-WAP | E93: Support - Wireless Access Point | F93: 200 | G93: 1 | H93: 4
